ENELEXT.ENEL_CRE_RICORRENTE_TF_24M;17921
ENELEXT.ENEL_E4E_NEGATIVOS_TEMP_2;52092
ENELEXT.ENEL_E4E_NEGATIVOS_TEMP_CEBP;550
ENELEXT.ENEL_E4E_NEGATIVOS_TEMP_CESP;149
ENELEXT.ENEL_TDM_CCDD;0
ENELEXT.ENEL_AGREFACT_FINAL_CES;1773
ENELEXT.ENEL_CRE_RICORRENTE_15M;16859
ENELEXT.ENEL_INFPDS_COMISIONES;2664783
ENELEXT.ENEL_FACTOPE_TOTAL_EOSC;7238
ENELEXT.ENEL_FACTPDS_PORTADA;667151
ENELEXT.ENEL_FACTTF_DETALLE;1008990
ENELEXT.ENEL_FECHAS_WEBI;3621
ENELEXT.ENEL_DET_INCENTIVOS_CES;7380
ENELEXT.ENEL_PERIODOS_LIQUIDADOS_TF;26
ENELEXT.ENEL_PREFACTURA_CESP;11512
ENELEXT.ENEL_CREDITOS_FINAL_V_RENTA;192906
ENELEXT.ENEL_CREDIT_DTM;8009349
ENELEXT.ENEL_PREFACTURA_CCDD;59927
ENELEXT.ENEL_PERIODOS_LIQ_PTG;0
ENELEXT.ENEL_CREDITOS_FINAL_VOLUMEN;641029
ENELEXT.ENEL_RAPPELES_WBE_ALICO;60
ENELEXT.ENEL_PREFACTURA_CCDD_RESELLERS;81
ENELEXT.ENEL_TM12_MENSUAL_TF;16873
ENELEXT.ENEL_TM2_MENSUAL_TF;16356
ENELEXT.ENEL_TXN_TEMP_STORES;2815
ENELEXT.ENEL_CRE_RICORRENTE_12M;12634
ENELEXT.ENEL_E4E_DEPOSIT_TEMP_CETVTA;8
ENELEXT.ENEL_FACTOPE_DETALLE;0
ENELEXT.ENEL_INCEN_TEMP_TF;7477
ENELEXT.ENEL_INCIDENCIAS_DTM;130
ENELEXT.ENEL_TXN_TEMP_CCDD;122
ENELEXT.ENEL_DEPOSIT_TEMP_TF;40
ENELEXT.ENEL_E4E_CONTRATOS_TEMP_TF;5083
ENELEXT.ENEL_PRODUCTOS_TEMP_CAT_TVTA;1108
ENELEXT.ENEL_PROVEEDORES_DTM;703
ENELEXT.ENEL_CREDIT_TEMP;0
ENELEXT.ENEL_CREDIT_TEMP_CETVTA;26
ENELEXT.ENEL_SCAWEB_LIQUIDACION;5707086
ENELEXT.ENEL_TXN_TEMP;0
ENELEXT.ENEL_TXN_TEMP_CESP;39
ENELEXT.ENEL_TXN_TEMP_TF;3013
ENELEXT.ENEL_E4E_FINAL_CEIS;511
ENELEXT.ENEL_E4E_CONTRATOS_TEMP_ALIADO;5079
ENELEXT.ENEL_CUADRELIQ_ALIADO;32795
ENELEXT.ENEL_TXN_TEMP_STAND;9144
ENELEXT.ENEL_CRE_RICORRENTE_6M;6568
ENELEXT.ENEL_SCAWEB_LIQUIDACION_PTG;31749
ENELEXT.ENEL_E4E_FINAL;351677
ENELEXT.ENEL_E4E_NEGATIVOS;648
ENELEXT.ENEL_E4E_NEGATIVOS_TMP2_CCDD;425
ENELEXT.ENEL_REGULARIZACION_CCDD;0
ENELEXT.ENEL_PERIODOS_LIQ_CCDD;4
ENELEXT.ENEL_ECO_FINAL;130907
ENELEXT.ENEL_FACTCAT_TVTA_DETALLE;119801
ENELEXT.ENEL_ANDROMEDA_FINAL;2693714
ENELEXT.ENEL_CAT_TVTA_BONUS_MALUS;10523
ENELEXT.ENEL_CAT_TVTA_IP_VENTA;5078
ENELEXT.ENEL_INCEN_DTM;12761268
ENELEXT.ENEL_INFORME_ICISA;45019
ENELEXT.ENEL_MEDIDAS_FINAL_PSVA;737
ENELEXT.ENEL_CRE_RICORRENTE_STORES_14M;189
ENELEXT.ENEL_CRE_RICORRENTE_STORES_15M;185
ENELEXT.ENEL_SCAWEB_LIQUIDACION_CAT_TVTA;16572
ENELEXT.ENEL_COMP_SCAWEB_E4E_CAT_TVTA;139
ENELEXT.ENEL_COMP_SCAWEB_E4E_TF;9869
ENELEXT.ENEL_CREDITOS_FINAL_VOL_GAS;102667
ENELEXT.ENEL_CREDIT_DTM_TEMP;7649835
ENELEXT.ENEL_CREDIT_FINAL_VOL_FIJA;24640779
ENELEXT.ENEL_DEPOSIT_DTM;206570
ENELEXT.ENEL_CUADRELIQ_CAT_RECEPCION;303581
ENELEXT.ENEL_E4E_NEGATIVOS_TEMP_PTG_2;2
ENELEXT.ENEL_DEPOSIT_AGRUPADO;2362
ENELEXT.ENEL_ACTIVIDAD_COMERCIAL;51
ENELEXT.ENEL_E4E_CONTRATOS_TEMP_PTG;0
ENELEXT.ENEL_LEADS_CCDD;1
ENELEXT.ENEL_CRE_RICORRENTE_TF_12M;28815
ENELEXT.ENEL_E4E_DEPOSIT_TEMP_CEBP;0
ENELEXT.ENEL_AGR_FAC_E4E_FINAL_CES;482
ENELEXT.ENEL_CAT_TVTA_BONUS_MALUS_TEMP;247
ENELEXT.ENEL_CAT_TVTA_IB_TEMP;0
ENELEXT.ENEL_TM2_MENSUAL;9376
ENELEXT.ENEL_INCEN_TEMP_OFV;6823
ENELEXT.ENEL_FICHERO_LIQUIDACION_TF;1
ENELEXT.ENEL_OPERACIONES_TEMP_OFV;78
ENELEXT.ENEL_ORDER_IMPU_TEMP_CETVTA;12
ENELEXT.ENEL_INCEN_TEMP_CCDD;2094
ENELEXT.ENEL_DEPOSIT_TEMP_CETVTA;8
ENELEXT.ENEL_E4E_DEPOSIT_TEMP_2;63
ENELEXT.ENEL_PROVEEDORES_TEMP_TF;216
ENELEXT.ENEL_COMMISSION_TEMP_CETVTA;0
ENELEXT.ENEL_SCAWEB_LIQUIDACION_INF;1456
ENELEXT.ENEL_TXN_TEMP_CEIS;38
ENELEXT.ENEL_INCEN_TEMP_CEIS;444
ENELEXT.ENEL_E4E_CONTRATOS_TEMP_CEIS;5079
ENELEXT.ENEL_COMP_E4E_CEIS;287
ENELEXT.ENEL_CREDIT_TEMP_ALIADO;35
ENELEXT.ENEL_DEPOSIT_TEMP_ALIADO;7
ENELEXT.ENEL_E4E_DEPOSIT_ALIADO_TEMP;4
ENELEXT.ENEL_E4E_DEPOSIT_ALIADO_TEMP_2;4
ENELEXT.ENEL_SCAWEB_LIQUIDACION_ALIADO;28046
ENELEXT.ENEL_RESUMEN_LIQ_ALICO;135855
ENELEXT.ENEL_ORDER_IMPU_TEMP_CEIS_2;36
ENELEXT.ENEL_TXN_TEMP_CEBP_2;0
ENELEXT.ENEL_TDM2_PTG;14
ENELEXT.ENEL_E4E_FINAL_CAT_TVTA;4629
ENELEXT.ENEL_E4E_NEGATIVOS_CAT_TVTA;32
ENELEXT.ENEL_CRE_RICORRENTE_DIAS;3660189
ENELEXT.ENEL_ECO_INF_TF;0
ENELEXT.ENEL_INFPDS_STP;2688266
ENELEXT.ENEL_FACTOPE_RESUMEN_EE;9318
ENELEXT.ENEL_FACTOPE_TOTAL_EE;1916
ENELEXT.ENEL_FACTPDS_DETALLE;5214856
ENELEXT.ENEL_PER_LIQUIDADOS_CAT_TVTA;0
ENELEXT.ENEL_RAPPELES_CES;684
ENELEXT.ENEL_CONSECUCION_FINAL_OFV;543
ENELEXT.ENEL_CREDIT_FINAL_V_RENTA_FIJA;6398615
ENELEXT.ENEL_REMUN;399392
ENELEXT.ENEL_REGULARIZACION_ALIADOS;34
ENELEXT.ENEL_E4E_NEGATIVOS_CES;192
ENELEXT.ENEL_DEPOSIT_PTG_TEMP;0
ENELEXT.ENEL_LIQSCAWEB_RENOV_AAFF;2791
ENELEXT.ENEL_CUADRELIQ_CCDD_RESELLERS;3297
ENELEXT.ENEL_E4E_FINAL_PTG;1046
ENELEXT.ENEL_INCENT_AGRUPADO;2722447
ENELEXT.ENEL_EQUIPAMIENTO_TEMP_CCDD;493
ENELEXT.ENEL_FACTOPE_DETALLE_EE;0
ENELEXT.ENEL_INCEN_TEMP_CEBP;2727
ENELEXT.ENEL_INCEN_TEMP_CETF;1155
ENELEXT.ENEL_INCEN_TEMP_CETVTA;8415
ENELEXT.ENEL_INFPDS_CREDIT_TEMP;0
ENELEXT.ENEL_OPERACIONES_TEMP_TF;90
ENELEXT.ENEL_OPERACION_DTM;90
ENELEXT.ENEL_ORDER_IMPU_TEMP_CEBP;12
ENELEXT.ENEL_PDS_TEMP_CETVTA;85
ENELEXT.ENEL_E4E_CONTRATOS_TEMP_CETF;5083
ENELEXT.ENEL_PROVEEDORES_TEMP;216
ENELEXT.ENEL_COMMISSION_TEMP_CETF;0
ENELEXT.ENEL_SCAWEB_LIQUIDACION_INF_TF;6
ENELEXT.ENEL_TXN_TEMP_CETF;0
ENELEXT.ENEL_CREDIT_TEMP_CEIS;36
ENELEXT.ENEL_EQUIPAMIENTO_TEMP_CEIS;493
ENELEXT.ENEL_COMMISSION_TEMP_CEIS;0
ENELEXT.ENEL_E4E_NEGATIVOS_TEMP_ALIADO;26
ENELEXT.ENEL_PDS_TEMP_ALIADO;22
ENELEXT.ENEL_PREFACT_PORTADA_ALIADO;757
ENELEXT.ENEL_PERIODOS_LIQ_ALIADOS;2
ENELEXT.ENEL_RAPPELES_ALICO;3250
ENELEXT.ENEL_TXN_TEMP_ONLINE;1536
ENELEXT.ENEL_CTRL_INFORMES;103460
ENELEXT.ENEL_CREDIT_TEMP_CEIS_2;1342
ENELEXT.ENEL_E4E_DEPOSIT_PTG_TEMP;0
ENELEXT.ENEL_E4E_FINAL_CESP;756
ENELEXT.ENEL_E4E_FINAL_CCDD;530
ENELEXT.ENEL_SCAWEB_LIQUIDACION_CCDD;64153
ENELEXT.ENEL_PREFACT_PORTADA_CCDD;0
ENELEXT.ENEL_CUADRELIQ_CCDD;83159
ENELEXT.ODX_CODEMAP_CONFIG;22
ENELEXT.ENEL_FACTOPE_FINAL_EE;1960559
ENELEXT.CS_USUARIOS_ROLES;1944
ENELEXT.ENEL_CAT_TVTA_APORTE;6664
ENELEXT.ENEL_CAT_TVTA_RESUM_PAGO;136251
ENELEXT.ENEL_COMPROBACION_B2B;2755
ENELEXT.ENEL_INFPDS_CREDIT_REVISION;4588
ENELEXT.ENEL_LIQSCAWEB_FINAL_WBE;2630490
ENELEXT.ENEL_LIQUIDACION_CEBP;18957
ENELEXT.ENEL_LIQUIDACION_CETVTA;5897
ENELEXT.ENEL_MEDIDAS_FINAL;0
ENELEXT.ENEL_MEDIDAS_FINAL_OFV;457
ENELEXT.ENEL_FACTOPE_TOTAL;7517
ENELEXT.ENEL_CRE_RICORRENTE_STORES_13M;193
ENELEXT.ENEL_PER_LIQUIDADOS_CES;19
ENELEXT.ENEL_E4E_CCDD_WBE;361
ENELEXT.ENEL_COMP_E4E_CETVTA;336
ENELEXT.ENEL_REGISTROS_CRED_CES;1824
ENELEXT.ENEL_REMUN_CES;20337
ENELEXT.ENEL_TXN_TEMP_OFV;1641545
ENELEXT.ENEL_DETALLE_OCAP;2050555
ENELEXT.ENEL_CCC_ALIADOS;5
ENELEXT.ENEL_CUADRELIQ_CCDD_RAPPEL;27167
ENELEXT.ENEL_LEAD_TEMP_OFV;24853904
ENELEXT.ENEL_NEW_CONSECUCION_FINAL_OFV;495
ENELEXT.ENEL_CUADRE_LIQ_ONLINE;2743
ENELEXT.ENEL_CRE_RICORRENTE_STORES_6M;605
ENELEXT.ENEL_E4E_NEGATIVOS_TEMP_PTG;2
ENELEXT.ENEL_LEADS_CAT_TVTA;10
ENELEXT.ENEL_LIQSCAWEB_FINAL_LEADS_WBE_TF;0
ENELEXT.ENEL_TM18_ALIADOS;992
ENELEXT.ENEL_CRE_RICORRENTE_TF_6M;7740
ENELEXT.ENEL_E4E_DEPOSIT_TEMP_CESP;9
ENELEXT.ENEL_E4E_DEPOSIT_TEMP_CETF;0
ENELEXT.ENEL_PDS_TEMP_CCDD;12
ENELEXT.ENEL_E4E_DEPOSIT_CCDD_TEMP_2;12
ENELEXT.ENEL_EQUIPAMIENTO_TEMP;493
ENELEXT.ENEL_EQUIPAMIENTO_TEMP_TF;493
ENELEXT.ENEL_INFPDS_TXN_TEMP;55
ENELEXT.ENEL_PAYEE_TEMP_CAT_TVTA;22
ENELEXT.ENEL_PDS_TEMP_TF;404
ENELEXT.ENEL_CREDIT_TEMP_CCDD;77
ENELEXT.ENEL_DEPOSIT_TEMP_OFV;0
ENELEXT.ENEL_E4E_CONTRATOS_TEMP_CEBP;5083
ENELEXT.ENEL_E4E_DEPOSIT_TEMP;63
ENELEXT.ENEL_PRODUCTOS_TEMP;1277
ENELEXT.ENEL_CONSECUCION_TEMP_OFV;1899
ENELEXT.ENEL_CREDIT_TEMP_CESP;24
ENELEXT.ENEL_ENTRADA_TIPO_SUBTIPO_TEMP;183498
ENELEXT.ENEL_DISPUTAS_CES;11
ENELEXT.ENEL_LIQUIDACION_CEIS;9922
ENELEXT.ENEL_GRALPROV_DETALLE_ALIADO;5512
ENELEXT.ENEL_COMP_SCAWEB_E4E_ALIADO;182
ENELEXT.ENEL_NEW_CONSECUCION_TEMP2_OFV;493
ENELEXT.ENEL_TXN_TEMP_D2D;543429
ENELEXT.ENEL_TXN_TEMP_LOJAS;7009
ENELEXT.ENEL_TXN_TEMP_RESELLER;1389
ENELEXT.ENEL_INCEN_TEMP_RESELLERS;17889
ENELEXT.ENEL_INCEN_TM2_ALICO;1526
ENELEXT.ENEL_COMP_SCAWEB_E4E_PTG;296
ENELEXT.ENEL_CRE_RICORRENTE_TF_36M;0
ENELEXT.ENEL_E4E_FINAL_CETF;1032
ENELEXT.ENEL_E4E_FINAL_CETVTA;362
ENELEXT.ENEL_PREFACT_DETALLE_CCDD;0
ENELEXT.ENEL_RENOVACION_CCDD;0
ENELEXT.ENEL_COMP_SCAWEB_E4E_CCDD;255
ENELEXT.ENEL_GRALPROV_DETALLE_CCDD;246
ENELEXT.ENEL_E4E_NEGATIVOS_TEMP_CETVTA;124
ENELEXT.ENEL_E4E_NEGATIVOS_TF;529
ENELEXT.ENEL_E4E_NEG_TEMP_CAT_TVTA;31
ENELEXT.ENEL_CRE_RICORRENTE_14M;19455
ENELEXT.ENEL_LIQSCAWEB_FINAL_TF;1333207
ENELEXT.ENEL_LIQUIDACION_CETF;6937
ENELEXT.ENEL_MEDIDAS_FINAL_VOLUMEN;778
ENELEXT.ENEL_FACTOPE_RESUMEN;9472
ENELEXT.ENEL_GRALPROV_DETALLE;154864
ENELEXT.ENEL_MEDIDAS_FINAL_VOL_GAS;751
ENELEXT.ENEL_MEDIDAS_TEMP_CEBP;3586
ENELEXT.ENEL_MEDIDAS_TEMP_CESP;652
ENELEXT.ENEL_PREFACTURA_CEBP;14552
ENELEXT.ENEL_RAPPELES;274347
ENELEXT.ENEL_RAPPELES_WBE;152138
ENELEXT.ENEL_COMP_E4E_CEBP;1649
ENELEXT.ENEL_COMP_SCAWEB_E4E;165849
ENELEXT.ENEL_CREDITOS_FINAL_PSVA_FIJA;205680
ENELEXT.ENEL_COMP_SCAWEB_E4E_CAB_TF;983
ENELEXT.ENEL_TM_MENSUAL;5
ENELEXT.ENEL_AGR_FAC_PREFACTURA_CES;47857
ENELEXT.ENEL_EQUIPAMIENTO_TEMP_CEBP;493
ENELEXT.ENEL_EQUIPAMIENTO_TEMP_CESP;493
ENELEXT.ENEL_ANDROMEDA_CREDIT_TEMP;0
ENELEXT.ENEL_CAT_TVTA_APORTE_TEMP;128
ENELEXT.ENEL_OFV_BORRADO;119
ENELEXT.ENEL_ORDER_IMPU_TEMP_CESP;12
ENELEXT.ENEL_PARTICIPANTES_DTM;3913
ENELEXT.ENEL_DEPOSIT_TEMP_CEBP;0
ENELEXT.ENEL_DEPOSIT_TEMP_CETF;0
ENELEXT.ENEL_E4E_CONTRATOS_TEMP;5083
ENELEXT.ENEL_PRODUCTOS_TEMP_OFV;944
ENELEXT.ENEL_CREDIT_TEMP_TF;2889
ENELEXT.ENEL_E4E_NEGATIVOS_TEMP_CEIS;164
ENELEXT.ENEL_PDS_TEMP_ALICO;63
ENELEXT.ENEL_RESUMEN_LIQ_RES_ONL;57175
ENELEXT.ENEL_TXN_TEMP_CEIS_2;2606
ENELEXT.ENEL_E4E_CONTRATOS_PTG_TEMP;5083
ENELEXT.ENEL_E4E_FINAL_TF;22942
ENELEXT.ENEL_E4E_INF_CAT_TVTA;0
ENELEXT.ENEL_E4E_NEGATIVOS_TEMP;678
ENELEXT.ENEL_E4E_NEGATIVOS_CCDD;228
ENELEXT.ENEL_RAPPELES_CCDD;23
ENELEXT.ENEL_CRE_RICORRENTE_DIAS_TF;237046
ENELEXT.ENEL_CUADRELIQ_CCDD_SLA;493920
ENELEXT.ENEL_CAT_TVTA_INCEN_PENAL;0
ENELEXT.ENEL_CAT_TVTA_INCEN_PENAL_TEMP;0
ENELEXT.ENEL_RAPPELES_LIQ_CCDD;8213589
ENELEXT.ENEL_INFORME_STP;2663914
ENELEXT.ENEL_LIQUIDACION_CESP;13297
ENELEXT.ENEL_FACTOPE_RESUMEN_EOSC;9393
ENELEXT.ENEL_PAGOS_RESUMEN;2212
ENELEXT.ENEL_PREFACTURA_CETVTA;24755
ENELEXT.ENEL_RAPPELES_TF;2538880
ENELEXT.ENEL_CREDITOS_FINAL_OFV;91971
ENELEXT.ENEL_CREDITOS_FINAL_OFV_FIJA;92066
ENELEXT.ENEL_CREDIT_FINAL_VOL_GAS_FIJA;3937751
ENELEXT.ENEL_REGISTROS_TXN_CES;3048
ENELEXT.ENEL_SCAWEB_LIQUIDACION_TF;1232919
ENELEXT.ENEL_CREDITOS_INCEN_ALICO;81330
ENELEXT.ENEL_CRE_RICORRENTE_STORES_12M;199
ENELEXT.ENEL_PROVEEDORES_TEMP_PTG;0
ENELEXT.ENEL_E4E_DEPOSIT_TF_TEMP_2;27
ENELEXT.ENEL_PROVEEDORES_TEMP_CCDD;216
ENELEXT.ENEL_PRODUCTOS_TEMP_CCDD;318
ENELEXT.ENEL_EQUIPAMIENTO_TEMP_OFV;493
ENELEXT.ENEL_FACTOPE_DETALLE_EOSC;0
ENELEXT.ENEL_CAT_TVTA_IP_TOTAL_TEMP;292
ENELEXT.ENEL_CAT_TVTA_IP_VENTA_TEMP;178
ENELEXT.ENEL_CAT_TVTA_RESUM_PAGO_TEMP;0
ENELEXT.ENEL_CODIGOPOSTAL_DTM;111
ENELEXT.ENEL_INCEN_TEMP_CESP;428
ENELEXT.ENEL_LIQSCAWEB_INF_TF;5
ENELEXT.ENEL_FICHERO_LIQUIDACION;1
ENELEXT.ENEL_ORDER_IMPU_TEMP_CETF;12
ENELEXT.ENEL_PDS_TEMP_CETF;15
ENELEXT.ENEL_DEPOSIT_TEMP_CAT_TVTA;81
ENELEXT.ENEL_DEPOSIT_TEMP_CESP;9
ENELEXT.ENEL_E4E_CONTRA_TEMP_CAT_TVTA;5083
ENELEXT.ENEL_PRODUCTOS_TEMP_TF;436
ENELEXT.ENEL_PROVEEDORES_TEMP_CAT_TVTA;421
ENELEXT.ENEL_CREDIT_TEMP_CETF;0
ENELEXT.ENEL_COMMISSION_TEMP_CEBP;0
ENELEXT.ENEL_OPERACIONES_UB_TEMP;1293
ENELEXT.ENEL_SERVICIOS_DTM;131
ENELEXT.ENEL_EQUIPAMIENTO_TEMP_ALIADO;493
ENELEXT.ENEL_RAPPELES_ALIADO;49
ENELEXT.ENEL_E4E_NEGATIVOS_TMP2_ALIADO;256
ENELEXT.ENEL_TDM_ALIADOS;16758
ENELEXT.ENEL_RESELLER_TM;11255482
ENELEXT.ENEL_NEW_CONSECUCION_TEMP_OFV;12144
ENELEXT.ENEL_PDS_TEMP_CEIS_2;12
ENELEXT.ENEL_CREDIT_TEMP_CEBP_2;0
ENELEXT.ENEL_E4E_DEPOSIT_PTG_TEMP_2;2
ENELEXT.ENEL_TDM2_CCDD;1277
ENELEXT.ENEL_E4E_FINAL_CEBP;1544
ENELEXT.ENEL_CCC_CCDD;0
ENELEXT.ENEL_E4E_NEGATIVOS_TEMP_TF;607
ENELEXT.ENEL_E4E_NEGATIVOS_TEMP_TF_2;3743
ENELEXT.ENEL_ECO_INF;0
ENELEXT.ENEL_ENTRADA_TIPO_SUBTIPO;682
ENELEXT.ENEL_FACTCAT_TVTA_DEPOSITOS;2170
ENELEXT.ENEL_CAT_TVTA_AM;1
ENELEXT.ENEL_DEPOSIT_CTAS_CES_2;40
ENELEXT.ENEL_CRE_RICORRENTE_13M;13984
ENELEXT.ENEL_LIQSCAWEB_FINAL;9338509
ENELEXT.ENEL_LIQ_FINAL_ASESOR;0
ENELEXT.ENEL_FACTOPE_FINAL_EOSC;1972632
ENELEXT.ENEL_FACTTF_PORTADA;72312
ENELEXT.ENEL_MEDIDAS_TEMP_CETF;1470
ENELEXT.ENEL_MEDIDAS_TEMP_CETVTA;8585
ENELEXT.ENEL_PAGOS_RESUMEN_TF;111
ENELEXT.ENEL_COMP_E4E_CESP;155
ENELEXT.ENEL_CUADRELIQ_FINAL_CES;81737
ENELEXT.ENEL_DEBUG;4410341
ENELEXT.ENEL_TXN_DTM_TEMP;6780932
ENELEXT.ENEL_E4E_INF_ALIADOS;0
ENELEXT.ENEL_RENOVACION_ALIADOS;41
ENELEXT.ENEL_E4E_NEGATIVOS_PTG;4
ENELEXT.ENEL_TM2_CCDD;0
ENELEXT.ENEL_LIQSCAWEB_FINAL_LEADS_WBE_ALIADOS;14
ENELEXT.ENEL_LIQSCAWEB_FINAL_LEADS_WBE_CCDD;1
ENELEXT.ENEL_E4E_INF_TF;7
ENELEXT.ENEL_E4E_CONTRATOS_TEMP_CCDD;5083
ENELEXT.ENEL_EQUIPAMIENTO_TEMP_CETF;493
ENELEXT.ENEL_ANDROMEDA_TXN_TEMP;0
ENELEXT.ENEL_INCEN_TEMP;34560
ENELEXT.ENEL_PDS_TEMP;669
ENELEXT.ENEL_PDS_TEMP_OFV;1
ENELEXT.ENEL_DEPOSIT_TEMP;63
ENELEXT.ENEL_E4E_CONTRATOS_TEMP_CESP;5079
ENELEXT.ENEL_E4E_CONTRATOS_TEMP_CETVTA;5079
ENELEXT.ENEL_E4E_DEPOSIT_CAT_TVTA_TEMP;63
ENELEXT.ENEL_POSITION_DTM;4384
ENELEXT.ENEL_PRODUCTOS_DTM;1543
ENELEXT.ENEL_CONSECUCION_TEMP2_OFV;273
ENELEXT.ENEL_CREDITOS_FINAL_PSVA;7206
ENELEXT.ENEL_TXN_TEMP_CEBP;0
ENELEXT.ENEL_TXN_TEMP_CETVTA;35
ENELEXT.ENEL_ORDER_IMPU_TEMP_CEIS;12
ENELEXT.ENEL_PDS_TEMP_CEIS;3
ENELEXT.ENEL_PREFACTURA_CEIS;10274
ENELEXT.ENEL_MEDIDAS_TEMP_CEIS;441
ENELEXT.ENEL_TXN_TEMP_ALIADO;54
ENELEXT.ENEL_INCEN_TEMP_ALIADO;95
ENELEXT.ENEL_PRODUCTOS_TEMP_ALIADO;315
ENELEXT.ENEL_E4E_NEGATIVOS_ALIADO;18
ENELEXT.ENEL_PREFACT_DETALLE_ALIADO;28045
ENELEXT.ENEL_TXN_TEMP_ALICO;53234
ENELEXT.ENEL_INCEN_TEMP_ALICO;1363
ENELEXT.ENEL_PROVEEDORES_TEMP_ALICO;216
ENELEXT.ENEL_E4E_INF_CCDD;32
ENELEXT.ENEL_COMMI_DTM;64110
ENELEXT.ENEL_E4E_NEGATIVOS_TEMP_CCDD;404
ENELEXT.ENEL_LIQSCAWEB_RENOV_VR;1204
ENELEXT.ENEL_E4E_NEGATIVOS_TEMP_CETF;366
ENELEXT.ENEL_ECO_FINAL_TF;6664
ENELEXT.ENEL_FACTCAT_TVTA_PORTADA;2858
ENELEXT.ENEL_CAT_TVTA_IP_TOTAL;9964
ENELEXT.ENEL_CLASIFICACION_EVENTO_CES;183
ENELEXT.ENEL_GRALPROV_DETALLE_TF;10736
ENELEXT.ENEL_MEDIDAS_FINAL_V_RENTA;751
ENELEXT.ENEL_MEDIDAS_TEMP;163831
ENELEXT.ENEL_PERIODOS_LIQUIDADOS;38
ENELEXT.ENEL_PREFACTURA_CETF;10275
ENELEXT.ENEL_COMP_E4E_CETF;234
ENELEXT.ENEL_CREDIT_TEMP_OFV;3372973
ENELEXT.ENEL_TF_APROVISIONAMIENTO;0
ENELEXT.ENEL_CRECIMIENTO_TEMP_OFV;184
ENELEXT.ENEL_MEDIDAS_TEMP_OFV;12353
ENELEXT.ENEL_TM6_MENSUAL;10248
ENELEXT.ENEL_FICHERO_ORDTXNCRED;0
ENELEXT.ENEL_DEPOSIT_CTAS_CES;40
ENELEXT.ENEL_INFORME_TRANSACCION;21348
ENELEXT.ENEL_TM12_ALIADOS;11998
ENELEXT.ENEL_LIQSCAWEB_FINAL_LEADS_WBE_TF_FINAL;57
ENELEXT.ENEL_LIQSCAWEB_FINAL_LEADS_WBE_CAT_TVTA;1
ENELEXT.ENEL_E4E_DEPOSIT_TF_TEMP;26
ENELEXT.ENEL_E4E_INF;632
ENELEXT.ENEL_E4E_DEPOSIT_CCDD_TEMP;12
ENELEXT.ENEL_EQUIPAMIENTO_DTM;557
ENELEXT.ENEL_EQUIPAMIENTO_TEMP_CETVTA;493
ENELEXT.ENEL_ANDROMEDA_INF;0
ENELEXT.ENEL_CAT_TVTA_AM_TEMP;0
ENELEXT.ENEL_LIQSCAWEB_INF;8685
ENELEXT.ENEL_OPERACIONES_TEMP;90
ENELEXT.ENEL_PDS_TEMP_CEBP;47
ENELEXT.ENEL_PDS_TEMP_CESP;5
ENELEXT.ENEL_DEPOSIT_TEMP_CCDD;44
ENELEXT.ENEL_PROVEEDORES_TEMP_OFV;395
ENELEXT.ENEL_CONTRATOS_DTM;25885
ENELEXT.ENEL_CREDIT_TEMP_CEBP;0
ENELEXT.ENEL_COMMISSION_TEMP_CESP;2
ENELEXT.ENEL_REGISTROS_COMMISSION_CES;180
ENELEXT.ENEL_DEPOSIT_TEMP_CEIS;11
ENELEXT.ENEL_E4E_DEPOSIT_TEMP_CEIS;10
ENELEXT.ENEL_PROVEEDORES_TEMP_ALIADO;209
ENELEXT.ENEL_E4E_FINAL_ALIADO;690
ENELEXT.ENEL_FICHERO_LIQ_ALIADOS;1
ENELEXT.ENEL_CREDIT_TEMP_ALICO;2
ENELEXT.ENEL_TXN_TEMP_ALICO_V2;0
ENELEXT.ENEL_DEPOSIT_TEMP_PTG;2
